Release (dato),Dag,Tid,Artist,Tittel,Versjon,Fil (kilde),shorturl-slug,yt lp,tt lp,ig lp,fb lp
09.02.2026,Mandag,19:30,Sky.AI,Lost Without You,—,lost without you.mp4,lwy,https://skydevaaben.no/r/ytlwy1,https://skydevaaben.no/r/ttlwy1,https://skydevaaben.no/r/iglwy1,https://skydevaaben.no/r/fblwy1
11.02.2026,Onsdag,19:30,Sky.AI,Glass People,—,glass people.mp4,glp,https://skydevaaben.no/r/ytglp1,https://skydevaaben.no/r/ttglp1,https://skydevaaben.no/r/igglp1,https://skydevaaben.no/r/fbglp1
13.02.2026,Fredag,19:30,After Brügge,Low,Crimson Echo,low ce.mp4,loce,https://skydevaaben.no/r/ytloce1,https://skydevaaben.no/r/ttloce1,https://skydevaaben.no/r/igloce1,https://skydevaaben.no/r/fbloce1
15.02.2026,Søndag,12:00,After Brügge,Low,Crimson Noise,low cn.mp4,locn,https://skydevaaben.no/r/ytlocn1,https://skydevaaben.no/r/ttlocn1,https://skydevaaben.no/r/iglocn1,https://skydevaaben.no/r/fblocn1
17.02.2026,Tirsdag,19:30,After Brügge,Low,Annihilate,low annihilate.mp4,loah,https://skydevaaben.no/r/ytloah1,https://skydevaaben.no/r/ttloah1,https://skydevaaben.no/r/igloah1,https://skydevaaben.no/r/fbloah1
19.02.2026,Torsdag,19:30,After Brügge,Low,End Credits,low end credits.mp4,loec,https://skydevaaben.no/r/ytloec1,https://skydevaaben.no/r/ttloec1,https://skydevaaben.no/r/igloec1,https://skydevaaben.no/r/fbloec1
21.02.2026,Lørdag,12:00,Sky.AI,Fire Without A Flame,—,fire without a flame.mp4,fwaf,https://skydevaaben.no/r/ytfwaf1,https://skydevaaben.no/r/ttfwaf1,https://skydevaaben.no/r/igfwaf1,https://skydevaaben.no/r/fbfwaf1
23.02.2026,Mandag,19:30,Sky.AI,All Clear Now,—,all clear now.mp4,acn,https://skydevaaben.no/r/ytacn1,https://skydevaaben.no/r/ttacn1,https://skydevaaben.no/r/igacn1,https://skydevaaben.no/r/fbacn1
25.02.2026,Onsdag,19:30,After Brügge,Please,Crimson Noise,please crimson noise.mp4,plcn,https://skydevaaben.no/r/ytplcn1,https://skydevaaben.no/r/ttplcn1,https://skydevaaben.no/r/igplcn1,https://skydevaaben.no/r/fbplcn1
27.02.2026,Fredag,19:30,After Brügge,Please,Crimson Echo,please crimson echo.mp4,plce,https://skydevaaben.no/r/ytplce1,https://skydevaaben.no/r/ttplce1,https://skydevaaben.no/r/igplce1,https://skydevaaben.no/r/fbplce1
01.03.2026,Søndag,12:00,After Brügge,Please,Afterimage,please afterimage.mp4,plai,https://skydevaaben.no/r/ytplai1,https://skydevaaben.no/r/ttplai1,https://skydevaaben.no/r/igplai1,https://skydevaaben.no/r/fbplai1
03.03.2026,Tirsdag,19:30,After Brügge,Please,Plea.exe,pleaexe.mp4,plpe,https://skydevaaben.no/r/ytplpe1,https://skydevaaben.no/r/ttplpe1,https://skydevaaben.no/r/igplpe1,https://skydevaaben.no/r/fbplpe1
05.03.2026,Torsdag,19:30,After Brügge,Please,Echo.exe,Please echoexe.mp4,plee,https://skydevaaben.no/r/ytplee1,https://skydevaaben.no/r/ttplee1,https://skydevaaben.no/r/igplee1,https://skydevaaben.no/r/fbplee1
06.03.2026,Fredag,19:30,Sky.AI,Stillform,—,stillform.mp4,stil,https://skydevaaben.no/r/ytstil1,https://skydevaaben.no/r/ttstil1,https://skydevaaben.no/r/igstil1,https://skydevaaben.no/r/fbstil1
08.03.2026,Søndag,12:00,Sky.AI,Phase Shift,—,phase shift.mp4,phsh,https://skydevaaben.no/r/ytphsh1,https://skydevaaben.no/r/ttphsh1,https://skydevaaben.no/r/igphsh1,https://skydevaaben.no/r/fbphsh1
10.03.2026,Tirsdag,19:30,After Brügge,Born Again,Crimson Noise,born again crimson noise.mp4,bacn,https://skydevaaben.no/r/ytbacn1,https://skydevaaben.no/r/ttbacn1,https://skydevaaben.no/r/igbacn1,https://skydevaaben.no/r/fbbacn1
12.03.2026,Torsdag,19:30,After Brügge,Born Again,Crimson Echo,born again crimson echo.mp4,bace,https://skydevaaben.no/r/ytbace1,https://skydevaaben.no/r/ttbace1,https://skydevaaben.no/r/igbace1,https://skydevaaben.no/r/fbbace1
14.03.2026,Lørdag,12:00,After Brügge,Born Again,Synthwave Instrumental,born again sw instru.mp4,baswi,https://skydevaaben.no/r/ytbaswi1,https://skydevaaben.no/r/ttbaswi1,https://skydevaaben.no/r/igbaswi1,https://skydevaaben.no/r/fbbaswi1
16.03.2026,Mandag,19:30,After Brügge,Bleeding,Crimson Noise,bleeding full cn.mp4,blcn,https://skydevaaben.no/r/ytblcn1,https://skydevaaben.no/r/ttblcn1,https://skydevaaben.no/r/igblcn1,https://skydevaaben.no/r/fbblcn1
18.03.2026,Onsdag,19:30,After Brügge,Bleeding,Synthwave Instrumental,bleeding sw instrumental.mp4,blswi,https://skydevaaben.no/r/ytblswi1,https://skydevaaben.no/r/ttblswi1,https://skydevaaben.no/r/igblswi1,https://skydevaaben.no/r/fbblswi1
20.03.2026,Fredag,19:30,After Brügge,Bleeding,Synthwave Vocal,bleeding sw vocal.mp4,blswv,https://skydevaaben.no/r/ytblswv1,https://skydevaaben.no/r/ttblswv1,https://skydevaaben.no/r/igblswv1,https://skydevaaben.no/r/fbblswv1
27.03.2026,Fredag,19:30,After Brügge,King Egocentric,Crimson Echo,king ego crimson echo.mp4,kece,https://skydevaaben.no/r/ytkece1,https://skydevaaben.no/r/ttkece1,https://skydevaaben.no/r/igkece1,https://skydevaaben.no/r/fbkece1
29.03.2026,Søndag,12:00,After Brügge,King Egocentric,Highscore,king ego highscore.mp4,kehs,https://skydevaaben.no/r/ytkehs1,https://skydevaaben.no/r/ttkehs1,https://skydevaaben.no/r/igkehs1,https://skydevaaben.no/r/fbkehs1
17.04.2026,Fredag,19:30,Sky.AI,Neural Bloom,—,neural bloom.mp4,nebl,https://skydevaaben.no/r/ytnebl1,https://skydevaaben.no/r/ttnebl1,https://skydevaaben.no/r/ignebl1,https://skydevaaben.no/r/fbnebl1
19.04.2026,Søndag,12:00,Sky.AI,Concrete Halo,—,concrete halo.mp4,coha,https://skydevaaben.no/r/ytcoha1,https://skydevaaben.no/r/ttcoha1,https://skydevaaben.no/r/igcoha1,https://skydevaaben.no/r/fbcoha1
08.05.2026,Fredag,19:30,After Brügge,My Mind Photography,Crimson Echo,mmp crimson echo.mp4,mmpce,https://skydevaaben.no/r/ytmmpce1,https://skydevaaben.no/r/ttmmpce1,https://skydevaaben.no/r/igmmpce1,https://skydevaaben.no/r/fbmmpce1
10.05.2026,Søndag,12:00,After Brügge,My Mind Photography,Crimson Noise,mmp crimson noise.mp4,mmpcn,https://skydevaaben.no/r/ytmmpcn1,https://skydevaaben.no/r/ttmmpcn1,https://skydevaaben.no/r/igmmpcn1,https://skydevaaben.no/r/fbmmpcn1
12.05.2026,Tirsdag,19:30,After Brügge,My Mind Photography,Machine Elves,mmp machine elves.mp4,mmpme,https://skydevaaben.no/r/ytmmpme1,https://skydevaaben.no/r/ttmmpme1,https://skydevaaben.no/r/igmmpme1,https://skydevaaben.no/r/fbmmpme1
14.05.2026,Torsdag,19:30,After Brügge,My Mind Photography,Post Punk,mmp post punk.mp4,mmppp,https://skydevaaben.no/r/ytmmppp1,https://skydevaaben.no/r/ttmmppp1,https://skydevaaben.no/r/igmmppp1,https://skydevaaben.no/r/fbmmppp1
29.05.2026,Fredag,19:30,Sky.AI,I Forgive You,—,i forgive you.mp4,ify,https://skydevaaben.no/r/ytify1,https://skydevaaben.no/r/ttify1,https://skydevaaben.no/r/igify1,https://skydevaaben.no/r/fbify1
31.05.2026,Søndag,12:00,Sky.AI,Inner Static,—,inner static.mp4,inst,https://skydevaaben.no/r/ytinst1,https://skydevaaben.no/r/ttinst1,https://skydevaaben.no/r/iginst1,https://skydevaaben.no/r/fbinst1
19.06.2026,Fredag,19:30,After Brügge,Kept Wandering,Crimson Noise,kept wandering crimson noise.mp4,kwcn,https://skydevaaben.no/r/ytkwcn1,https://skydevaaben.no/r/ttkwcn1,https://skydevaaben.no/r/igkwcn1,https://skydevaaben.no/r/fbkwcn1
21.06.2026,Søndag,12:00,After Brügge,Kept Wandering,Crimson Echo,kept wandering crimson echo.mp4,kwce,https://skydevaaben.no/r/ytkwce1,https://skydevaaben.no/r/ttkwce1,https://skydevaaben.no/r/igkwce1,https://skydevaaben.no/r/fbkwce1
23.06.2026,Tirsdag,19:30,After Brügge,Kept Wandering,Annihilate,kept wandering annihilate.mp4,kwah,https://skydevaaben.no/r/ytkwah1,https://skydevaaben.no/r/ttkwah1,https://skydevaaben.no/r/igkwah1,https://skydevaaben.no/r/fbkwah1
25.06.2026,Torsdag,19:30,After Brügge,Kept Wandering,Evil Ninja,kept wandering evil ninja.mp4,kpen,https://skydevaaben.no/r/ytkpen1,https://skydevaaben.no/r/ttkpen1,https://skydevaaben.no/r/igkpen1,https://skydevaaben.no/r/fbkpen1
27.06.2026,Lørdag,12:00,After Brügge,Kept Wandering,Giana,kept wandering giana.mp4,kwgi,https://skydevaaben.no/r/ytkwgi1,https://skydevaaben.no/r/ttkwgi1,https://skydevaaben.no/r/igkwgi1,https://skydevaaben.no/r/fbkwgi1
29.06.2026,Mandag,19:30,After Brügge,Kept Wandering,OST,kept wandering ost.mp4,kwos,https://skydevaaben.no/r/ytkwos1,https://skydevaaben.no/r/ttkwos1,https://skydevaaben.no/r/igkwos1,https://skydevaaben.no/r/fbkwos1
01.07.2026,Onsdag,19:30,After Brügge,Kept Wandering,Sometimes They Dont Come Back,kept wandering sometimes they dont come back.mp4,kwst,https://skydevaaben.no/r/ytkwst1,https://skydevaaben.no/r/ttkwst1,https://skydevaaben.no/r/igkwst1,https://skydevaaben.no/r/fbkwst1
10.07.2026,Fredag,19:30,Sky.AI,The Pulse You Couldn't Find,—,the pulse ycnf.mp4,tpycnf,https://skydevaaben.no/r/yttpycnf1,https://skydevaaben.no/r/tttpycnf1,https://skydevaaben.no/r/igtpycnf1,https://skydevaaben.no/r/fbtpycnf1
12.07.2026,Søndag,12:00,Sky.AI,Dark Does Not Burn,—,dark does not burn.mp4,ddnb,https://skydevaaben.no/r/ytddnb1,https://skydevaaben.no/r/ttddnb1,https://skydevaaben.no/r/igddnb1,https://skydevaaben.no/r/fbddnb1